{"cameraMode":{"drawMode":0,"name":"Shaded","section":"Shading Mode"},"sceneLighting":true,"audioPlay":false,"sceneViewState":{"showFog":true,"showMaterialUpdate":false,"showSkybox":true,"showFlares":true,"showImageEffects":true,"showParticleSystems":true},"in2DMode":false,"pivot":{"x":0.028100937604904176,"y":0.2565794289112091,"z":-0.5443835258483887},"rotation":{"x":-0.375390887260437,"y":0.15843796730041505,"z":-0.06533642113208771,"w":-0.9109294414520264},"size":6.221608638763428,"orthographic":true}